EventID , Time , Latitude , Longitude , Depth/km , Author , Catalog , Contributor , ContributorID , MagType , Magnitude , MagAuthor , EventLocationName
11167626,2020-01-07T22:48:03,-1.5516,99.4165,28.42,us,NEIC PDE,us,us70006w38,mb,4.6,us,"SOUTHERN SUMATRA, INDONESIA"
11172121,2020-01-17T01:34:44,-4.9258,102.7843,52.78,us,NEIC PDE,us,us700071en,mb,4.6,us,"SOUTHERN SUMATRA, INDONESIA"
11175933,2020-01-27T03:32:36,-5.132,102.3652,34.91,us,NEIC PDE,us,us60007gx6,mb,4.8,us,"SOUTHERN SUMATRA, INDONESIA"
11186235,2020-01-27T08:01:01,-3.7715,101.1315,35,us,NEIC PDE,us,us70007k1k,mb,4,us,"SOUTHERN SUMATRA, INDONESIA"
11177777,2020-01-30T21:53:03,-1.912,99.8976,10,us,NEIC PDE,us,us60007ki4,mb,5.2,us,"SOUTHERN SUMATRA, INDONESIA"
11178671,2020-02-01T09:09:31,-2.9219,101.0474,62.54,us,NEIC PDE,us,us60007m22,mb,5,us,"SOUTHERN SUMATRA, INDONESIA"
11183125,2020-02-02T14:21:55,-3.0186,100.9185,42.1,us,NEIC PDE,us,us70007n4h,mb,4.3,us,"SOUTHERN SUMATRA, INDONESIA"
11187152,2020-02-05T16:49:50,-3.4849,100.5106,10,us,NEIC PDE,us,us70007pfn,mb,4.4,us,"SOUTHERN SUMATRA, INDONESIA"
11184500,2020-02-14T01:47:58,-4.4346,102.8663,65.29,us,NEIC PDE,us,us70007pt0,mb,4.7,us,"SOUTHERN SUMATRA, INDONESIA"
11188036,2020-02-21T22:54:24,-5.1177,102.7216,35,us,NEIC PDE,us,us70007ui7,mb,4.9,us,"SOUTHERN SUMATRA, INDONESIA"
11188989,2020-02-24T20:59:21,-1.984,99.856,10,us,NEIC PDE,us,us70007w28,mb,5.2,us,"SOUTHERN SUMATRA, INDONESIA"
11190906,2020-02-28T14:02:54,-3.9532,103.1223,92.49,us,NEIC PDE,us,us6000863e,Mww,5,us,"SOUTHERN SUMATRA, INDONESIA"
11194061,2020-03-06T19:52:55,-5.2247,102.2062,10,us,NEIC PDE,us,us60008bbr,mb,5,us,"SOUTHERN SUMATRA, INDONESIA"
11195064,2020-03-09T16:02:33,-1.7187,100.4116,63.16,us,NEIC PDE,us,us60008ch4,mb,4.6,us,"SOUTHERN SUMATRA, INDONESIA"
11195625,2020-03-10T14:06:25,-5.8693,102.971,19.97,"us,pt",NEIC PDE,us,"pt20070000,us60008d51",Mww,5.5,us,"SOUTHERN SUMATRA, INDONESIA"
11206830,2020-03-26T19:49:10,-4.6344,101.9548,35,us,NEIC PDE,us,us70008jdj,mb,4.3,us,"SOUTHERN SUMATRA, INDONESIA"
11209085,2020-04-05T22:42:53,-5.2757,102.5135,35,us,NEIC PDE,us,us70008pjp,mb,4.9,us,"SOUTHERN SUMATRA, INDONESIA"
11222434,2020-04-29T08:17:48,-4.5219,102.5046,56.38,us,NEIC PDE,us,us60009ejp,mb,4.8,us,"SOUTHERN SUMATRA, INDONESIA"
11240448,2020-05-19T01:06:40,-4.6611,103.5046,59.44,us,NEIC PDE,us,us6000a014,mb,4.7,us,"SOUTHERN SUMATRA, INDONESIA"
11236372,2020-05-22T22:36:52,-2.4966,99.5207,10,us,NEIC PDE,us,us70009nuc,mb,5.1,us,"SOUTHERN SUMATRA, INDONESIA"
11246482,2020-05-27T15:47:26,-5.8434,102.9038,23.78,us,NEIC PDE,us,us6000a5uh,mb,4.5,us,"SOUTHERN SUMATRA, INDONESIA"
11240434,2020-05-28T01:40:33,-5.904,102.8051,10.02,us,NEIC PDE,us,us6000a0p6,mb,4.7,us,"SOUTHERN SUMATRA, INDONESIA"
11247693,2020-05-30T02:00:27,-4.0064,101.1986,35,us,NEIC PDE,us,us6000a6gi,mb,4.3,us,"SOUTHERN SUMATRA, INDONESIA"
11252438,2020-06-07T15:52:26,-4.253,101.8177,42.01,us,NEIC PDE,us,us6000aaqs,mb,4.4,us,"SOUTHERN SUMATRA, INDONESIA"
11249710,2020-06-10T04:35:19,-2.5659,101.156,45.79,us,NEIC PDE,us,us6000a93q,Mww,5.1,us,"SOUTHERN SUMATRA, INDONESIA"
11269111,2020-06-16T11:07:44,-1.3661,100.5071,78.51,us,NEIC PDE,us,us6000ah74,mb,4.6,us,"SOUTHERN SUMATRA, INDONESIA"
11253991,2020-06-17T01:40:29,-0.6165,99.178,51.37,us,NEIC PDE,us,us6000ad7w,mb,4.8,us,"SOUTHERN SUMATRA, INDONESIA"
11266919,2020-06-19T05:34:47,-4.6264,103.3017,137.53,us,NEIC PDE,us,us7000aba0,mb,4.3,us,"SOUTHERN SUMATRA, INDONESIA"
11266021,2020-06-29T01:38:54,-1.8549,100.8012,78.12,us,NEIC PDE,us,us7000ahgd,mb,4.3,us,"SOUTHERN SUMATRA, INDONESIA"
11267275,2020-06-29T17:40:10,-0.3825,100.652,34.11,us,NEIC PDE,us,us7000ahgu,mb,4.3,us,"SOUTHERN SUMATRA, INDONESIA"
11273689,2020-07-03T08:47:15,-3.3404,100.9372,38.11,us,NEIC PDE,us,us7000akqk,mb,4.5,us,"SOUTHERN SUMATRA, INDONESIA"
11267759,2020-07-09T17:01:05,-2.0697,101.9631,189.78,us,NEIC PDE,us,us7000akvw,mb,4.4,us,"SOUTHERN SUMATRA, INDONESIA"
11273303,2020-07-09T20:40:21,-3.5504,101.8303,71.17,us,NEIC PDE,us,us7000apiu,mb,4,us,"SOUTHERN SUMATRA, INDONESIA"
11268895,2020-07-11T20:54:32,-4.7265,102.7487,61.37,us,NEIC PDE,us,us7000am1i,mb,4.6,us,"SOUTHERN SUMATRA, INDONESIA"
11269048,2020-07-12T06:27:08,-5.1936,102.3645,35,us,NEIC PDE,us,us7000am6w,mb,4.6,us,"SOUTHERN SUMATRA, INDONESIA"
11276028,2020-07-16T14:47:30,-4.3959,101.9318,38.64,us,NEIC PDE,us,us6000b2qk,mb,4.3,us,"SOUTHERN SUMATRA, INDONESIA"
11274711,2020-07-16T21:44:27,-3.7256,101.7398,46.75,us,NEIC PDE,us,us6000b2qs,mb,4.4,us,"SOUTHERN SUMATRA, INDONESIA"
11276069,2020-07-19T14:01:28,-3.2279,101.6886,49.27,us,NEIC PDE,us,us6000b3ga,mb,4.1,us,"SOUTHERN SUMATRA, INDONESIA"
11272503,2020-07-19T23:48:44,-3.3916,100.1174,10,us,NEIC PDE,us,us7000arda,mb,4.5,us,"SOUTHERN SUMATRA, INDONESIA"
11295648,2020-07-21T12:28:48,-5.092,103.7255,92.69,us,NEIC PDE,us,us6000b55y,mb,4,us,"SOUTHERN SUMATRA, INDONESIA"
11297406,2020-07-21T17:44:23,-2.2836,100.7082,61.01,us,NEIC PDE,us,us6000b562,mb,4.1,us,"SOUTHERN SUMATRA, INDONESIA"
11283458,2020-07-27T20:31:14,-5.5045,104.9966,57.49,us,NEIC PDE,us,us6000b6w7,mb,4.6,us,"SOUTHERN SUMATRA, INDONESIA"
11292582,2020-07-30T19:43:26,-2.7362,101.3839,157.17,us,NEIC PDE,us,us6000b9qp,mb,4.4,us,"SOUTHERN SUMATRA, INDONESIA"
11281233,2020-08-02T04:35:03,-4.5387,102.6997,54.26,us,NEIC PDE,us,us6000b89d,mb,4.9,us,"SOUTHERN SUMATRA, INDONESIA"
11282984,2020-08-04T23:51:11,-1.7797,100.1815,48.42,us,NEIC PDE,us,us6000b9gc,mb,5.1,us,"SOUTHERN SUMATRA, INDONESIA"
11305512,2020-08-07T17:49:46,-4.4168,102.8282,64.46,us,NEIC PDE,us,us6000be01,mb,4.2,us,"SOUTHERN SUMATRA, INDONESIA"
11306217,2020-08-09T07:17:59,-5.2296,102.7424,52.4,us,NEIC PDE,us,us6000ben1,mb,4.3,us,"SOUTHERN SUMATRA, INDONESIA"
11298820,2020-08-13T19:03:44,-2.9918,103.4033,291.06,us,NEIC PDE,us,us6000bh5p,mb,4.2,us,"SOUTHERN SUMATRA, INDONESIA"
11297042,2020-08-18T22:23:59,-4.3259,101.1342,22,"us,at,pt",NEIC PDE,us,"at00qfa67x,us6000bgvl,pt20231001",mww,6.8,us,"SOUTHERN SUMATRA, INDONESIA"
11297049,2020-08-18T22:29:24,-4.2069,101.2411,26,"us,pt",NEIC PDE,us,"us6000bgvu,pt20231002",mww,6.9,us,"SOUTHERN SUMATRA, INDONESIA"
11297106,2020-08-19T01:37:58,-4.2866,101.1362,10,us,NEIC PDE,us,us6000bgxc,mb,4.6,us,"SOUTHERN SUMATRA, INDONESIA"
11302223,2020-08-20T19:47:26,-1.7524,100.2719,49.89,us,NEIC PDE,us,us7000bdm9,mb,4.3,us,"SOUTHERN SUMATRA, INDONESIA"
11311465,2020-08-21T19:01:01,-4.2702,101.0439,18.03,us,NEIC PDE,us,us7000bdru,mb,4.3,us,"SOUTHERN SUMATRA, INDONESIA"
11306865,2020-08-22T07:21:46,-2.8665,102.1687,120.26,us,NEIC PDE,us,us7000be8w,mb,4.4,us,"SOUTHERN SUMATRA, INDONESIA"
11299642,2020-08-24T10:24:32,-4.0266,101.0051,10,us,NEIC PDE,us,us6000bjp7,mb,5,us,"SOUTHERN SUMATRA, INDONESIA"
11304660,2020-08-26T01:36:23,-4.3358,101.1052,4.22,us,NEIC PDE,us,us7000bftc,mb,4.3,us,"SOUTHERN SUMATRA, INDONESIA"
11300876,2020-08-26T02:37:04,-4.7494,103.2838,67.47,us,NEIC PDE,us,us7000bd2d,mb,4.4,us,"SOUTHERN SUMATRA, INDONESIA"
11302506,2020-08-29T05:35:41,-4.3464,101.0406,10.14,us,NEIC PDE,us,us7000beq6,Mww,4.9,us,"SOUTHERN SUMATRA, INDONESIA"
11304847,2020-09-03T16:02:55,-4.474,102.5947,55.19,us,NEIC PDE,us,us7000bh8s,mb,5.3,us,"SOUTHERN SUMATRA, INDONESIA"
11306362,2020-09-06T16:45:24,-2.1683,102.2886,212.8,us,NEIC PDE,us,us7000bizn,mb,4.7,us,"SOUTHERN SUMATRA, INDONESIA"
11306826,2020-09-08T04:37:02,-1.14,98.4985,10,us,NEIC PDE,us,us7000bjjb,mb,5,us,"SOUTHERN SUMATRA, INDONESIA"
11320417,2020-09-28T01:17:34,-3.2804,101.555,55.73,us,NEIC PDE,us,us6000c4q9,mb,4.1,us,"SOUTHERN SUMATRA, INDONESIA"
11322221,2020-10-01T10:49:08,-2.4959,102.1105,148.65,us,NEIC PDE,us,us6000c6gp,mb,4.4,us,"SOUTHERN SUMATRA, INDONESIA"
11333723,2020-10-08T16:07:51,-3.2357,101.7964,67.3,us,NEIC PDE,us,us6000c81d,mb,4.6,us,"SOUTHERN SUMATRA, INDONESIA"
11323277,2020-10-10T10:43:04,-4.6967,102.6442,53.68,us,NEIC PDE,us,us6000c7ak,mb,4.8,us,"SOUTHERN SUMATRA, INDONESIA"
11325472,2020-10-15T09:41:15,-3.2272,100.3277,10,us,NEIC PDE,us,us6000c8hc,Mww,5.2,us,"SOUTHERN SUMATRA, INDONESIA"
11325488,2020-10-15T10:34:12,-3.2484,100.3297,25.38,us,NEIC PDE,us,us6000c8hl,mb,4.9,us,"SOUTHERN SUMATRA, INDONESIA"
11325618,2020-10-15T16:52:41,-0.4717,98.7326,38.34,us,NEIC PDE,us,us6000c8k2,mb,4.4,us,"SOUTHERN SUMATRA, INDONESIA"
11325685,2020-10-15T22:06:27,-3.4216,100.0797,10,us,NEIC PDE,us,us6000c8m0,mb,4.5,us,"SOUTHERN SUMATRA, INDONESIA"
11326215,2020-10-17T00:36:01,-3.3122,100.2844,10,us,NEIC PDE,us,us6000c8w6,Mww,5.1,us,"SOUTHERN SUMATRA, INDONESIA"
11326421,2020-10-17T17:54:58,-3.2626,100.301,9.93,us,NEIC PDE,us,us6000c90z,Mww,5.2,us,"SOUTHERN SUMATRA, INDONESIA"
11335397,2020-10-17T17:56:23,-3.2733,100.4042,10,us,NEIC PDE,us,us6000cbc9,mb,5.2,us,"SOUTHERN SUMATRA, INDONESIA"
11330679,2020-10-17T23:26:56,-4.4845,102.6998,62.9,us,NEIC PDE,us,us6000cbca,mb,4.3,us,"SOUTHERN SUMATRA, INDONESIA"
11326759,2020-10-18T22:48:50,-3.4021,100.2732,10,us,NEIC PDE,us,us6000c99g,mb,5.1,us,"SOUTHERN SUMATRA, INDONESIA"
11326871,2020-10-19T07:31:28,-3.3688,100.2689,10,"pt,at,us",NEIC PDE,us,"at00qifu8k,pt20293000,us6000c9ci",Mww,5.6,us,"SOUTHERN SUMATRA, INDONESIA"
11326874,2020-10-19T07:47:20,-3.3834,100.3424,10,us,NEIC PDE,us,us6000c9cs,Mww,5.5,us,"SOUTHERN SUMATRA, INDONESIA"
11326882,2020-10-19T08:14:04,-3.4128,100.3722,10,us,NEIC PDE,us,us6000c9cy,mb,4.8,us,"SOUTHERN SUMATRA, INDONESIA"
11326909,2020-10-19T09:42:53,-3.3354,100.3183,19.29,us,NEIC PDE,us,us6000c9dx,mb,5.1,us,"SOUTHERN SUMATRA, INDONESIA"
11329036,2020-10-19T18:41:37,-1.6688,99.054,10,us,NEIC PDE,us,us6000cc2a,mb,4.3,us,"SOUTHERN SUMATRA, INDONESIA"
11327380,2020-10-20T00:41:39,-3.7972,100.0692,10,us,NEIC PDE,us,us6000c9rb,mb,4.6,us,"SOUTHERN SUMATRA, INDONESIA"
11334856,2020-10-20T01:52:08,-3.4578,100.2685,10,us,NEIC PDE,us,us6000cc4x,mb,4.4,us,"SOUTHERN SUMATRA, INDONESIA"
11329869,2020-10-20T13:46:59,-1.4961,99.2547,38.48,us,NEIC PDE,us,us6000cc5v,mb,4.4,us,"SOUTHERN SUMATRA, INDONESIA"
11330113,2020-10-21T14:35:13,-3.2469,100.5198,37.68,us,NEIC PDE,us,us6000canu,mb,4.9,us,"SOUTHERN SUMATRA, INDONESIA"
11328228,2020-10-21T15:17:53,-3.3985,100.3206,10,us,NEIC PDE,us,us6000capt,mb,4.8,us,"SOUTHERN SUMATRA, INDONESIA"
11333786,2020-10-26T19:37:25,-1.5332,100.4899,79.22,us,NEIC PDE,us,us7000c81i,mb,4.2,us,"SOUTHERN SUMATRA, INDONESIA"
11332723,2020-11-01T03:32:59,-5.2225,102.4699,25.95,us,NEIC PDE,us,us7000c8v8,mb,4.8,us,"SOUTHERN SUMATRA, INDONESIA"
11344001,2020-11-16T23:24:39,-4.7595,102.8238,58.24,us,NEIC PDE,us,us6000cqf9,mb,4.4,us,"SOUTHERN SUMATRA, INDONESIA"
11339402,2020-11-17T01:44:09,-2.6769,99.3162,10,"pt,us",NEIC PDE,us,"pt20322000,us7000cfxq",Mww,5.9,us,"SOUTHERN SUMATRA, INDONESIA"
11339850,2020-11-18T04:41:56,-1.8052,100.4248,20.32,us,NEIC PDE,us,us6000cpq3,Mww,5.2,us,"SOUTHERN SUMATRA, INDONESIA"
11339929,2020-11-18T11:37:54,-4.7116,102.8644,84.1,us,NEIC PDE,us,us6000cpsh,mb,4.7,us,"SOUTHERN SUMATRA, INDONESIA"
11340610,2020-11-19T18:10:57,-1.4843,99.6307,53.98,us,NEIC PDE,us,us6000cqge,mb,4.7,us,"SOUTHERN SUMATRA, INDONESIA"
11347389,2020-11-19T20:12:14,-1.1384,100.8382,102.22,us,NEIC PDE,us,us6000crp1,mb,4.3,us,"SOUTHERN SUMATRA, INDONESIA"
11355387,2020-11-20T17:14:34,-3.7802,101.4312,35.79,us,NEIC PDE,us,us6000cs1a,mb,4.3,us,"SOUTHERN SUMATRA, INDONESIA"
11341309,2020-11-21T16:58:32,-4.3327,102.0569,10,us,NEIC PDE,us,us6000cr97,mb,4.9,us,"SOUTHERN SUMATRA, INDONESIA"
11354935,2020-11-22T06:05:23,-2.0553,100.6254,53.92,us,NEIC PDE,us,us6000csiv,mb,4.2,us,"SOUTHERN SUMATRA, INDONESIA"
11347203,2020-11-23T18:57:07,-4.1499,102.6756,82.23,us,NEIC PDE,us,us7000ck3e,mb,4.2,us,"SOUTHERN SUMATRA, INDONESIA"
11357297,2020-11-26T16:05:03,-3.4918,101.1588,38.25,us,NEIC PDE,us,us7000cl77,mb,4.3,us,"SOUTHERN SUMATRA, INDONESIA"
11347137,2020-11-26T18:32:59,-3.833,101.6833,38.67,us,NEIC PDE,us,us7000cl7a,mb,4.4,us,"SOUTHERN SUMATRA, INDONESIA"
11344216,2020-11-29T14:48:27,-5.0092,102.93,55.23,us,NEIC PDE,us,us7000ckwi,mb,5.2,us,"SOUTHERN SUMATRA, INDONESIA"
11351462,2020-12-04T21:52:55,-4.3819,102.144,42.46,us,NEIC PDE,us,us7000cp7y,mb,4.3,us,"SOUTHERN SUMATRA, INDONESIA"
11352835,2020-12-07T16:05:20,-0.072,100.3367,25.53,us,NEIC PDE,us,us7000cpv7,mb,4.3,us,"SOUTHERN SUMATRA, INDONESIA"
11356986,2020-12-09T04:41:22,-3.3898,103.6835,306.97,us,NEIC PDE,us,us7000cqzn,mb,4.2,us,"SOUTHERN SUMATRA, INDONESIA"
11359852,2020-12-17T02:17:55,-3.6154,102.5672,10,us,NEIC PDE,us,us6000d1ut,mb,4.3,us,"SOUTHERN SUMATRA, INDONESIA"
11356637,2020-12-22T14:00:31,-4.5246,101.0614,10,us,NEIC PDE,us,us6000d1w7,mb,4.6,us,"SOUTHERN SUMATRA, INDONESIA"
11357330,2020-12-23T22:19:53,-4.4368,101.0761,10,us,NEIC PDE,us,us6000d2c8,mb,5.2,us,"SOUTHERN SUMATRA, INDONESIA"
11361744,2020-12-23T22:27:52,-4.4769,101.0465,10,us,NEIC PDE,us,us6000d5s9,mb,4.3,us,"SOUTHERN SUMATRA, INDONESIA"
11361998,2021-01-06T17:28:35,-4.381,102.694,61.04,"us,pt",NEIC PDE,us,"pt21006002,us6000d672",Mww,5.5,us,"SOUTHERN SUMATRA, INDONESIA"
11368211,2021-01-13T02:12:48,-4.586,104.7258,187.63,us,NEIC PDE,us,us7000d24b,mb,4.2,us,"SOUTHERN SUMATRA, INDONESIA"
11364405,2021-01-13T06:18:22,-4.2223,102.0942,37.21,us,NEIC PDE,us,us6000d7z0,mb,4.6,us,"SOUTHERN SUMATRA, INDONESIA"
11369014,2021-01-24T13:03:29,-4.4396,102.533,54.96,us,NEIC PDE,us,us7000d2wn,mb,5.1,us,"SOUTHERN SUMATRA, INDONESIA"
11370187,2021-01-27T10:40:25,-5.1167,103.6804,44.46,us,NEIC PDE,us,us7000d3n4,mb,4.9,us,"SOUTHERN SUMATRA, INDONESIA"
11381696,2021-01-28T12:03:23,-2.1082,99.6026,10,us,NEIC PDE,us,us6000den8,mb,4.5,us,"SOUTHERN SUMATRA, INDONESIA"
11371496,2021-01-30T10:52:31,-4.5238,102.5126,56.86,us,NEIC PDE,us,us6000dd7l,mb,5.4,us,"SOUTHERN SUMATRA, INDONESIA"
11373610,2021-02-05T09:07:57,-4.5002,102.2208,52.88,us,NEIC PDE,us,us6000deml,mb,4.5,us,"SOUTHERN SUMATRA, INDONESIA"
11379747,2021-02-10T02:54:47,-1.3966,100.254,62.34,us,NEIC PDE,us,us6000diz9,mb,4.4,us,"SOUTHERN SUMATRA, INDONESIA"
11380735,2021-02-15T22:58:16,-5.5384,102.3885,35,us,NEIC PDE,us,us6000djh3,mb,4.1,us,"SOUTHERN SUMATRA, INDONESIA"
11386691,2021-02-16T11:25:57,-5.0664,103.3801,56.04,us,NEIC PDE,us,us6000dk58,mb,4.3,us,"SOUTHERN SUMATRA, INDONESIA"
11389928,2021-02-18T10:43:09,-4.3303,101.6424,43.3,us,NEIC PDE,us,us6000dkpe,mb,4.6,us,"SOUTHERN SUMATRA, INDONESIA"
11380105,2021-02-21T21:10:44,-4.3756,102.1377,47.83,us,NEIC PDE,us,us6000djy5,mb,4.9,us,"SOUTHERN SUMATRA, INDONESIA"
11391745,2021-02-27T09:51:01,-2.7959,100.2266,35,us,NEIC PDE,us,us7000dfi6,mb,4.3,us,"SOUTHERN SUMATRA, INDONESIA"
11385981,2021-02-28T15:26:06,-5.4883,102.3197,35,us,NEIC PDE,us,us7000dfjc,mb,4.5,us,"SOUTHERN SUMATRA, INDONESIA"
11385704,2021-02-28T23:52:34,-2.6399,102.1121,169.67,us,NEIC PDE,us,us7000dfjt,mb,4.5,us,"SOUTHERN SUMATRA, INDONESIA"
11385725,2021-03-01T00:13:33,-4.4379,102.2745,39.92,us,NEIC PDE,us,us7000dfzr,mb,4.3,us,"SOUTHERN SUMATRA, INDONESIA"
11384158,2021-03-03T10:34:29,-4.7134,103.7169,148.69,us,NEIC PDE,us,us7000df43,mb,4.6,us,"SOUTHERN SUMATRA, INDONESIA"
11396823,2021-03-03T10:43:25,-3.4719,100.517,34.98,us,NEIC PDE,us,us7000dh5u,mb,4.7,us,"SOUTHERN SUMATRA, INDONESIA"
11385163,2021-03-05T18:56:20,-3.5477,101.6511,46.08,us,NEIC PDE,us,us7000dg4m,mb,4.6,us,"SOUTHERN SUMATRA, INDONESIA"
11386154,2021-03-08T12:56:34,-4.4237,101.0085,10,us,NEIC PDE,us,us7000dh3d,mb,5.5,us,"SOUTHERN SUMATRA, INDONESIA"
11398760,2021-03-10T14:05:23,-2.5361,100.3774,35,us,NEIC PDE,us,us7000dkn2,mb,4.3,us,"SOUTHERN SUMATRA, INDONESIA"
11394329,2021-03-27T10:18:06,-1.9127,99.442,34.25,us,NEIC PDE,us,us6000dwzm,mb,4.6,us,"SOUTHERN SUMATRA, INDONESIA"
11394834,2021-03-29T04:13:18,-4.5491,102.6262,59.62,us,NEIC PDE,us,us6000dxb7,mb,5.2,us,"SOUTHERN SUMATRA, INDONESIA"
11400956,2021-04-01T04:24:07,-1.1251,98.9193,10,us,NEIC PDE,us,us6000e08s,mb,4.5,us,"SOUTHERN SUMATRA, INDONESIA"
11400616,2021-04-12T01:52:25,-5.2063,104.8916,105.48,us,NEIC PDE,us,us6000e0xf,mb,4.9,us,"SOUTHERN SUMATRA, INDONESIA"
11407541,2021-04-21T14:32:31,-3.7914,102.354,106.17,us,NEIC PDE,us,us7000dxwv,mb,4.3,us,"SOUTHERN SUMATRA, INDONESIA"
11413365,2021-04-21T20:12:14,-4.5401,103.0488,66.18,us,NEIC PDE,us,us7000dxx7,mb,4.2,us,"SOUTHERN SUMATRA, INDONESIA"
11405969,2021-04-23T17:06:40,-4.3442,102.1139,61.71,us,NEIC PDE,us,us6000e42z,mb,4.4,us,"SOUTHERN SUMATRA, INDONESIA"
11409292,2021-05-02T17:46:41,-2.323,99.7834,21,"usauto,pt,at,us",NEIC PDE,us,"us7000dziv,pt21122001,at00qshqpt,usauto7000dziv",mww,5.5,us,"SOUTHERN SUMATRA, INDONESIA"
11410345,2021-05-05T01:24:36,-1.9508,99.7877,30,"usauto,at,pt,us",NEIC PDE,us,"us7000e07p,pt21125000,at00qsm190,usauto7000e07p",mww,5.7,us,"SOUTHERN SUMATRA, INDONESIA"
11411831,2021-05-08T11:29:31,-4.136,102.4892,79.19,us,NEIC PDE,us,us7000e1be,mb,4.4,us,"SOUTHERN SUMATRA, INDONESIA"
11413097,2021-05-11T20:44:41,-1.5895,99.3257,27.1,us,NEIC PDE,us,us7000e26r,mb,4.9,us,"SOUTHERN SUMATRA, INDONESIA"
11414732,2021-05-15T00:34:33,-2.1998,102.2695,199.26,us,NEIC PDE,us,us7000e39q,mb,4.4,us,"SOUTHERN SUMATRA, INDONESIA"
11417105,2021-05-21T18:36:48,-4.9566,102.1795,33.2,us,NEIC PDE,us,us7000e551,mb,4.8,us,"SOUTHERN SUMATRA, INDONESIA"
11420879,2021-05-24T12:48:36,-4.2185,101.9758,53.13,us,NEIC PDE,us,us6000efi8,mb,4.3,us,"SOUTHERN SUMATRA, INDONESIA"
11428572,2021-06-08T15:27:00,-0.4302,98.0127,10,us,NEIC PDE,us,us7000ec4n,mb,4.5,us,"SOUTHERN SUMATRA, INDONESIA"
11426378,2021-06-10T10:12:47,-4.8293,102.9678,59.31,us,NEIC PDE,us,us7000ebnu,mb,5.1,us,"SOUTHERN SUMATRA, INDONESIA"
11428962,2021-06-15T14:16:14,-4.272,102.412,60.9,us,NEIC PDE,us,us7000ed89,Mww,4.8,us,"SOUTHERN SUMATRA, INDONESIA"
11440950,2021-06-17T15:07:02,-4.3081,102.1361,51.36,us,NEIC PDE,us,us7000ef8t,mb,4.1,us,"SOUTHERN SUMATRA, INDONESIA"
11430940,2021-06-19T21:12:15,-4.56,102.6323,56.2,us,NEIC PDE,us,us7000eehm,mb,5.2,us,"SOUTHERN SUMATRA, INDONESIA"
11433968,2021-06-27T15:56:12,-2.9053,101.0838,43.45,us,NEIC PDE,us,us6000eq9y,Mww,4.7,us,"SOUTHERN SUMATRA, INDONESIA"
11437557,2021-06-30T22:11:14,-4.9421,105.0069,10,us,NEIC PDE,us,us7000eivy,mb,4.3,us,"SOUTHERN SUMATRA, INDONESIA"
11435250,2021-07-01T01:50:10,-5.4345,104.6659,48.48,us,NEIC PDE,us,us7000ehw5,mb,4.7,us,"SOUTHERN SUMATRA, INDONESIA"
11435276,2021-07-01T03:43:34,-5.2821,104.7744,50.1,us,NEIC PDE,us,us7000ehwq,mb,4.6,us,"SOUTHERN SUMATRA, INDONESIA"
11447581,2021-07-01T12:27:29,-5.3913,104.6362,10,us,NEIC PDE,us,us7000ej3z,mb,4.5,us,"SOUTHERN SUMATRA, INDONESIA"
11435535,2021-07-01T18:59:55,-5.4073,104.6978,38.26,us,NEIC PDE,us,us7000ei2i,mb,4.5,us,"SOUTHERN SUMATRA, INDONESIA"
11437015,2021-07-01T20:42:05,-5.5619,104.3857,78.48,us,NEIC PDE,us,us7000ej46,mb,4.3,us,"SOUTHERN SUMATRA, INDONESIA"
11436106,2021-07-03T13:09:46,-4.1983,102.4212,55.03,us,NEIC PDE,us,us7000eigl,mb,5.3,us,"SOUTHERN SUMATRA, INDONESIA"
11451291,2021-07-06T17:16:02,-2.1627,99.6076,16.63,us,NEIC PDE,us,us6000ets0,mb,4,us,"SOUTHERN SUMATRA, INDONESIA"
11442499,2021-07-07T23:23:47,-4.3721,102.306,53.37,us,NEIC PDE,us,us7000eljx,mb,4.2,us,"SOUTHERN SUMATRA, INDONESIA"
11440744,2021-07-14T10:13:47,-4.4074,101.5733,31.28,us,NEIC PDE,us,us7000eluq,mb,4.5,us,"SOUTHERN SUMATRA, INDONESIA"
11453015,2021-07-17T09:35:45,-4.0686,101.1317,35,us,NEIC PDE,us,us6000ey0z,mb,4.1,us,"SOUTHERN SUMATRA, INDONESIA"
11450292,2021-08-02T20:35:04,-3.262,100.1679,10,us,NEIC PDE,us,us6000f1lu,mb,4.5,us,"SOUTHERN SUMATRA, INDONESIA"
11450364,2021-08-02T22:48:50,-3.2125,100.1919,20,"us,usauto,at,pt",NEIC PDE,us,"usauto6000f1nr,pt21214001,us6000f1nr,at00qx8i1h",mww,5.8,us,"SOUTHERN SUMATRA, INDONESIA"
11450377,2021-08-02T23:00:40,-3.2077,100.3185,10,us,NEIC PDE,us,us6000f1ph,mb,4.6,us,"SOUTHERN SUMATRA, INDONESIA"
11450371,2021-08-02T23:01:01,-3.1615,100.4063,10,us,NEIC PDE,us,us6000f1ny,mb,5.2,us,"SOUTHERN SUMATRA, INDONESIA"
11466372,2021-08-03T04:46:12,-3.3995,100.0224,10,us,NEIC PDE,us,us6000f46m,mb,4.4,us,"SOUTHERN SUMATRA, INDONESIA"
11459910,2021-08-04T18:34:06,-3.3047,100.2085,10,us,NEIC PDE,us,us6000f4jg,mb,4.3,us,"SOUTHERN SUMATRA, INDONESIA"
11456277,2021-08-14T18:41:21,-4.4113,102.5568,60.22,us,NEIC PDE,us,us6000f69y,mb,4.9,us,"SOUTHERN SUMATRA, INDONESIA"
11466025,2021-08-14T22:31:25,-0.3216,100.0989,131.66,us,NEIC PDE,us,us7000f3ri,mb,4.4,us,"SOUTHERN SUMATRA, INDONESIA"
11474906,2021-08-17T10:27:11,-3.237,100.2546,10,us,NEIC PDE,us,us7000f4t7,mb,4.4,us,"SOUTHERN SUMATRA, INDONESIA"
11468498,2021-09-02T14:15:56,-4.742,102.5258,51.35,us,NEIC PDE,us,us7000f73x,mb,4.6,us,"SOUTHERN SUMATRA, INDONESIA"
11470002,2021-09-05T01:40:12,-2.0443,99.68,35,us,NEIC PDE,us,us7000f82k,mb,4.9,us,"SOUTHERN SUMATRA, INDONESIA"
11482772,2021-09-09T05:17:58,-5.1416,102.0061,35,us,NEIC PDE,us,us7000fbi1,mb,4.4,us,"SOUTHERN SUMATRA, INDONESIA"
11472341,2021-09-10T01:42:22,-4.506,101.7368,39.27,us,NEIC PDE,us,us7000f9vv,mb,4.4,us,"SOUTHERN SUMATRA, INDONESIA"
11473387,2021-09-12T09:02:20,-0.5225,99.7193,89.04,us,NEIC PDE,us,us7000fahl,Mww,5,us,"SOUTHERN SUMATRA, INDONESIA"
11485194,2021-09-20T12:26:26,-1.0037,99.1382,35,us,NEIC PDE,us,us7000fe3g,mb,4.1,us,"SOUTHERN SUMATRA, INDONESIA"
11489088,2021-09-22T23:08:06,-2.2697,100.715,62.94,us,NEIC PDE,us,us7000fewa,mb,4.2,us,"SOUTHERN SUMATRA, INDONESIA"
11485137,2021-09-24T05:49:58,-0.6387,98.0888,10,us,NEIC PDE,us,us6000fq5w,mb,4,us,"SOUTHERN SUMATRA, INDONESIA"
11479482,2021-09-26T08:59:53,-2.8649,100.0734,35,us,NEIC PDE,us,us7000fekg,mb,4.7,us,"SOUTHERN SUMATRA, INDONESIA"
11488073,2021-09-26T12:00:57,-2.9818,100.0251,10,us,NEIC PDE,us,us6000fqhn,mb,4.3,us,"SOUTHERN SUMATRA, INDONESIA"
11485600,2021-10-03T16:24:04,-1.8709,101.4746,152.12,us,NEIC PDE,us,us6000fsp2,mb,4.2,us,"SOUTHERN SUMATRA, INDONESIA"
11489406,2021-10-11T22:17:46,-3.1266,102.2585,114.01,us,NEIC PDE,us,us6000fttx,mb,4,us,"SOUTHERN SUMATRA, INDONESIA"
11489257,2021-10-14T17:55:53,-0.6408,100.6484,10,us,NEIC PDE,us,us6000fvxd,mb,4.3,us,"SOUTHERN SUMATRA, INDONESIA"
11487643,2021-10-15T23:17:27,-4.9203,102.9791,59.39,us,NEIC PDE,us,us6000fv2g,mb,5,us,"SOUTHERN SUMATRA, INDONESIA"
11490071,2021-10-22T17:01:14,-2.2317,100.8024,58.34,us,NEIC PDE,us,us6000fwt1,mb,4.3,us,"SOUTHERN SUMATRA, INDONESIA"
11490400,2021-10-23T23:34:25,-4.6852,101.9672,46.53,us,NEIC PDE,us,us6000fx3t,mb,4.8,us,"SOUTHERN SUMATRA, INDONESIA"
11491226,2021-10-26T17:25:38,-3.3274,101.6916,44.82,us,NEIC PDE,us,us7000fp04,mb,4.3,us,"SOUTHERN SUMATRA, INDONESIA"
11493042,2021-11-01T06:19:38,-4.4325,102.0206,35,us,NEIC PDE,us,us7000fqgd,mb,4.4,us,"SOUTHERN SUMATRA, INDONESIA"
11498017,2021-11-16T17:11:17,-2.2231,102.3534,211.29,us,NEIC PDE,us,us7000fukw,mb,4.4,us,"SOUTHERN SUMATRA, INDONESIA"
11498181,2021-11-17T03:30:34,-3.5754,101.5892,59.84,us,NEIC PDE,us,us7000fuqy,mb,5,us,"SOUTHERN SUMATRA, INDONESIA"
11503818,2021-11-24T21:45:53,-5.2019,102.5999,41.44,us,NEIC PDE,us,us6000g7nx,mb,4.2,us,"SOUTHERN SUMATRA, INDONESIA"
11503842,2021-11-26T00:41:02,-3.1708,101.6916,88.82,us,NEIC PDE,us,us6000g87m,mb,4.6,us,"SOUTHERN SUMATRA, INDONESIA"
11506963,2021-11-26T14:33:53,-3.8198,101.3726,40.11,us,NEIC PDE,us,us6000g887,mb,4.2,us,"SOUTHERN SUMATRA, INDONESIA"
11502203,2021-11-29T15:24:25,-2.5579,99.5117,10,us,NEIC PDE,us,us7000fxzv,mb,4.5,us,"SOUTHERN SUMATRA, INDONESIA"
11504343,2021-11-29T15:25:44,-1.3075,99.7371,49.99,us,NEIC PDE,us,us6000g8rl,mb,4.6,us,"SOUTHERN SUMATRA, INDONESIA"
11505488,2021-12-03T04:56:51,-2.0779,100.1005,67.12,us,NEIC PDE,us,us6000gahc,mb,4.3,us,"SOUTHERN SUMATRA, INDONESIA"
11506577,2021-12-12T22:36:56,-4.1991,101.3049,10,us,NEIC PDE,us,us6000gbqz,mb,4.6,us,"SOUTHERN SUMATRA, INDONESIA"
11517036,2021-12-19T07:58:22,-5.8709,104.3415,69.04,us,NEIC PDE,us,us6000gela,mb,4.2,us,"SOUTHERN SUMATRA, INDONESIA"
11510800,2021-12-26T14:09:13,-4.5717,102.0135,41.43,us,NEIC PDE,us,us6000gfff,mb,4.6,us,"SOUTHERN SUMATRA, INDONESIA"
11511854,2021-12-30T16:09:36,-0.3514,98.7661,42.38,us,NEIC PDE,us,us7000g801,mb,4.6,us,"SOUTHERN SUMATRA, INDONESIA"
11647537,2022-01-04T10:55:40,-1.5098,99.4714,35,us,NEIC PDE,us,us7000gbnx,mb,4.5,us,"SOUTHERN SUMATRA, INDONESIA"
11529288,2022-01-19T06:00:32,-0.7122,99.0987,35,us,NEIC PDE,us,us7000gfku,mb,4.6,us,"SOUTHERN SUMATRA, INDONESIA"
11522816,2022-01-21T12:11:16,-2.0157,101.964,199.26,us,NEIC PDE,us,us7000gfvw,mb,4,us,"SOUTHERN SUMATRA, INDONESIA"
11522103,2022-01-28T23:38:14,-5.0608,102.2805,34.42,us,NEIC PDE,us,us7000gg2s,mb,4.5,us,"SOUTHERN SUMATRA, INDONESIA"
11527511,2022-02-09T21:09:58,-4.5998,102.6994,64.22,us,NEIC PDE,us,us7000gjh6,mb,4.6,us,"SOUTHERN SUMATRA, INDONESIA"
11530561,2022-02-19T09:32:40,-4.7589,102.177,62.58,us,NEIC PDE,us,us7000gm70,mb,4.3,us,"SOUTHERN SUMATRA, INDONESIA"
11535488,2022-02-25T01:42:59,-0.3479,99.9084,10,us,NEIC PDE,us,us6000h1eu,mb,5.1,us,"SOUTHERN SUMATRA, INDONESIA"
11535491,2022-02-25T01:50:42,-0.2207,100.0582,10,us,NEIC PDE,us,us6000h1el,mb,4.2,us,"SOUTHERN SUMATRA, INDONESIA"
11533252,2022-02-25T23:58:07,-4.9741,101.7272,35,us,NEIC PDE,us,us6000h08t,Mwr,4.5,us,"SOUTHERN SUMATRA, INDONESIA"
11537405,2022-03-01T01:12:29,-2.6884,101.2795,135.44,us,NEIC PDE,us,us6000h23q,mb,4.2,us,"SOUTHERN SUMATRA, INDONESIA"
11536945,2022-03-01T15:37:06,-0.4295,99.1239,66.53,us,NEIC PDE,us,us6000h243,mb,4.5,us,"SOUTHERN SUMATRA, INDONESIA"
11537772,2022-03-02T04:41:17,-0.015,100.1813,96.43,us,NEIC PDE,us,us6000h2t6,mb,4.4,us,"SOUTHERN SUMATRA, INDONESIA"
11538049,2022-03-09T22:09:31,-2.293,100.8763,66.18,us,NEIC PDE,us,us6000h3f9,mb,4.4,us,"SOUTHERN SUMATRA, INDONESIA"
11539018,2022-03-13T07:38:28,-2.2143,100.0686,44.55,us,NEIC PDE,us,us6000h45f,mb,4.5,us,"SOUTHERN SUMATRA, INDONESIA"
11539048,2022-03-13T11:32:31,-4.1284,103.106,117.86,us,NEIC PDE,us,us6000h464,mb,4.5,us,"SOUTHERN SUMATRA, INDONESIA"
11539168,2022-03-13T21:09:22,-0.63,98.6294,28,"us,usauto,at",NEIC PDE,us,"at00r8pc3i,usauto6000h48e,us6000h48e",Mww,6.7,us,"SOUTHERN SUMATRA, INDONESIA"
11541469,2022-03-13T21:24:11,-0.8236,98.3589,19.77,us,NEIC PDE,us,us6000h5hf,mb,4.6,us,"SOUTHERN SUMATRA, INDONESIA"
11541493,2022-03-13T21:34:02,-0.7876,98.5153,10,us,NEIC PDE,us,us6000h5gy,mb,4.1,us,"SOUTHERN SUMATRA, INDONESIA"
11539172,2022-03-13T21:38:43,-0.6056,98.5335,29.69,"pt,us",NEIC PDE,us,"pt22072001,us6000h49u",Mww,5.6,us,"SOUTHERN SUMATRA, INDONESIA"
11542346,2022-03-14T04:43:31,-5.89,102.8373,4.86,us,NEIC PDE,us,us6000h5ra,mb,4.5,us,"SOUTHERN SUMATRA, INDONESIA"
11539332,2022-03-14T14:12:08,-0.5434,98.5512,15.95,us,NEIC PDE,us,us6000h4ff,Mww,5.3,us,"SOUTHERN SUMATRA, INDONESIA"
11541631,2022-03-14T15:12:40,-3.3406,100.8102,39.26,us,NEIC PDE,us,us6000h5rv,mb,4.2,us,"SOUTHERN SUMATRA, INDONESIA"
11539723,2022-03-15T12:12:31,-0.5511,98.5657,36.59,us,NEIC PDE,us,us6000h4p4,Mww,5.2,us,"SOUTHERN SUMATRA, INDONESIA"
11541025,2022-03-18T14:46:08,-4.663,101.7353,26.27,us,NEIC PDE,us,us6000h5q4,mb,4.4,us,"SOUTHERN SUMATRA, INDONESIA"
11540975,2022-03-19T01:03:40,-3.314,102.171,98.76,us,NEIC PDE,us,us6000h5x3,mb,4.5,us,"SOUTHERN SUMATRA, INDONESIA"
11550163,2022-04-03T18:14:43,-0.2988,100.5684,53.93,us,NEIC PDE,us,us7000h0gi,mb,4.3,us,"SOUTHERN SUMATRA, INDONESIA"
11547342,2022-04-07T06:36:40,-3.9805,102.165,83.02,us,NEIC PDE,us,us7000h0b8,mb,4.6,us,"SOUTHERN SUMATRA, INDONESIA"
11550556,2022-04-17T03:53:35,-5.7422,103.3018,44.01,us,NEIC PDE,us,us7000h2sr,mb,4.5,us,"SOUTHERN SUMATRA, INDONESIA"
11558910,2022-04-23T23:44:05,-2.6417,101.4213,88.38,us,NEIC PDE,us,us6000hfyd,mb,4.6,us,"SOUTHERN SUMATRA, INDONESIA"
11563959,2022-05-08T19:01:56,-0.8916,98.3594,10,us,NEIC PDE,us,us6000hkww,mb,4.4,us,"SOUTHERN SUMATRA, INDONESIA"
11564057,2022-05-10T00:19:13,-4.9622,102.5414,41.84,us,NEIC PDE,us,us6000hlsn,mb,4.3,us,"SOUTHERN SUMATRA, INDONESIA"
11558531,2022-05-11T18:52:15,-2.77,103.2352,277.71,us,NEIC PDE,us,us6000hkf4,mb,4.4,us,"SOUTHERN SUMATRA, INDONESIA"
11564205,2022-05-12T22:24:19,-0.7673,98.626,28.91,us,NEIC PDE,us,us6000hm2d,mb,4.1,us,"SOUTHERN SUMATRA, INDONESIA"
11562258,2022-05-15T16:57:44,-5.7352,104.1859,100.29,us,NEIC PDE,us,us6000hmmg,mb,4.2,us,"SOUTHERN SUMATRA, INDONESIA"
11560034,2022-05-16T18:58:25,-5.2399,102.0088,23,"us,usauto,at,pt",NEIC PDE,us,"usauto6000hljt,at00rbzopd,pt22136000,us6000hljt",Mww,5.8,us,"SOUTHERN SUMATRA, INDONESIA"
11562779,2022-05-17T23:53:24,-4.4891,102.732,61.08,us,NEIC PDE,us,us6000hnc1,mb,4.4,us,"SOUTHERN SUMATRA, INDONESIA"
11561552,2022-05-21T08:29:15,-4.698,102.6699,59.12,us,NEIC PDE,us,us6000hmvl,mb,4.8,us,"SOUTHERN SUMATRA, INDONESIA"
11561892,2022-05-22T17:38:15,-0.4889,99.6473,81.13,us,NEIC PDE,us,us6000hn51,mb,4.6,us,"SOUTHERN SUMATRA, INDONESIA"
11562110,2022-05-23T12:32:00,-4.7307,102.6334,58.6,us,NEIC PDE,us,us6000hn9z,mb,4.9,us,"SOUTHERN SUMATRA, INDONESIA"
11562635,2022-05-24T21:18:18,-5.5503,103.8782,54.49,us,NEIC PDE,us,us7000hcal,mb,4.9,us,"SOUTHERN SUMATRA, INDONESIA"
11564563,2022-05-31T07:10:09,-5.8541,104.341,56.36,"usauto,us",NEIC PDE,us,"us7000hdqr,usauto7000hdqr",mww,5.2,us,"SOUTHERN SUMATRA, INDONESIA"
11565288,2022-06-02T07:11:54,-4.5835,102.6593,60.75,us,NEIC PDE,us,us7000he9z,mb,4.5,us,"SOUTHERN SUMATRA, INDONESIA"
11575300,2022-06-10T16:44:07,-4.4498,102.805,65.93,us,NEIC PDE,us,us7000hhki,mb,4.4,us,"SOUTHERN SUMATRA, INDONESIA"
11570317,2022-06-18T11:22:18,-4.9018,103.0305,66.86,"us,usauto,pt",NEIC PDE,us,"usauto7000hic1,us7000hic1,pt22169001",mww,5.3,us,"SOUTHERN SUMATRA, INDONESIA"
11572454,2022-06-24T15:08:39,-2.2605,102.1508,193.47,us,NEIC PDE,us,us7000hjyk,mb,4.3,us,"SOUTHERN SUMATRA, INDONESIA"
11572554,2022-06-24T18:56:33,-1.8334,100.415,45.12,us,NEIC PDE,us,us7000hk0k,mb,5.1,us,"SOUTHERN SUMATRA, INDONESIA"
11581979,2022-06-28T23:24:57,-4.8951,102.8909,63.74,us,NEIC PDE,us,us6000hz54,mb,4.4,us,"SOUTHERN SUMATRA, INDONESIA"
11576070,2022-07-06T01:34:36,-2.241,100.7961,55.32,us,NEIC PDE,us,us6000i06d,mb,4.7,us,"SOUTHERN SUMATRA, INDONESIA"
11582841,2022-07-09T08:46:34,-1.2767,98.3374,10,us,NEIC PDE,us,us6000i2si,mb,4.3,us,"SOUTHERN SUMATRA, INDONESIA"
11583289,2022-07-17T12:20:15,-5.3504,103.1414,44.33,us,NEIC PDE,us,us7000htjz,mb,4.5,us,"SOUTHERN SUMATRA, INDONESIA"
11580087,2022-07-18T07:03:39,-5.3089,102.6686,29.76,us,NEIC PDE,us,us6000i3di,mb,4.4,us,"SOUTHERN SUMATRA, INDONESIA"
11580651,2022-07-19T23:46:50,-4.1438,102.1383,52,"us,usauto",NEIC PDE,us,"usauto7000hrxy,us7000hrxy",Mww,5.3,us,"SOUTHERN SUMATRA, INDONESIA"
11580664,2022-07-20T00:43:28,-4.1765,102.073,58.144,us,NEIC PDE,us,us7000hrz6,mb,4.4,us,"SOUTHERN SUMATRA, INDONESIA"
11585651,2022-08-07T02:28:25,-4.3081,102.1657,52.321,us,NEIC PDE,us,us6000i8st,mb,4.9,us,"SOUTHERN SUMATRA, INDONESIA"
11589628,2022-08-07T22:41:55,-5.9063,103.1633,35,us,NEIC PDE,us,us6000ibcz,mb,4.1,us,"SOUTHERN SUMATRA, INDONESIA"
11589766,2022-08-08T20:00:44,-0.809,99.7163,70.495,us,NEIC PDE,us,us6000ibm0,mb,4.5,us,"SOUTHERN SUMATRA, INDONESIA"
11586338,2022-08-09T04:41:10,-2.0197,100.2357,35,us,NEIC PDE,us,us6000i9a8,mb,4.7,us,"SOUTHERN SUMATRA, INDONESIA"
11594597,2022-08-11T05:19:17,-3.4254,101.8322,79.103,us,NEIC PDE,us,us6000ic5d,mb,4.3,us,"SOUTHERN SUMATRA, INDONESIA"
11588184,2022-08-15T02:01:38,-3.311,100.7772,38.021,us,NEIC PDE,us,us6000iawk,mb,4.8,us,"SOUTHERN SUMATRA, INDONESIA"
11591259,2022-08-15T17:34:10,-2.2146,102.2022,222.444,us,NEIC PDE,us,us7000i22l,mb,4,us,"SOUTHERN SUMATRA, INDONESIA"
11588996,2022-08-17T05:38:19,-4.8822,102.884,62.975,us,NEIC PDE,us,us6000ibif,mb,4.5,us,"SOUTHERN SUMATRA, INDONESIA"
11598661,2022-08-22T09:26:53,-1.1703,100.2859,87.264,us,NEIC PDE,us,us7000i400,mb,4.6,us,"SOUTHERN SUMATRA, INDONESIA"
11590876,2022-08-23T14:31:39,-5.0737,103.0827,50.5,"us,usauto,pt,at",NEIC PDE,us,"pt22235000,usauto6000id0t,at00rh2ocr,us6000id0t",Mww,6.2,us,"SOUTHERN SUMATRA, INDONESIA"
11591068,2022-08-24T02:41:30,-5.2295,102.9363,57.472,us,NEIC PDE,us,us7000i1xc,mb,4.7,us,"SOUTHERN SUMATRA, INDONESIA"
11591356,2022-08-25T03:21:30,-4.7217,101.7512,35,us,NEIC PDE,us,us7000i285,mb,5,us,"SOUTHERN SUMATRA, INDONESIA"
11592497,2022-08-28T17:04:39,-1.0764,98.5483,16.793,us,NEIC PDE,us,us7000i34y,mb,4.9,us,"SOUTHERN SUMATRA, INDONESIA"
11592579,2022-08-28T22:34:36,-1.0408,98.6445,37.016,"us,pt",NEIC PDE,us,"pt22240000,us7000i37c",Mww,5.7,us,"SOUTHERN SUMATRA, INDONESIA"
11592649,2022-08-29T03:29:13,-0.9925,98.6033,17,"us,usauto,pt,at",NEIC PDE,us,"at00rhcxov,us7000i38s,pt22241000,usauto7000i38s",mww,6.2,us,"SOUTHERN SUMATRA, INDONESIA"
11595789,2022-08-29T03:35:42,-1.0508,98.5875,17.567,us,NEIC PDE,us,us7000i5ps,mb,4.7,us,"SOUTHERN SUMATRA, INDONESIA"
11592753,2022-08-29T11:01:11,-1.018,98.6831,20.73,us,NEIC PDE,us,us7000i3bu,mb,4.5,us,"SOUTHERN SUMATRA, INDONESIA"
11592758,2022-08-29T11:11:48,-1.0575,98.6699,20.596,us,NEIC PDE,us,us7000i3bw,mb,4.6,us,"SOUTHERN SUMATRA, INDONESIA"
11592760,2022-08-29T11:28:27,-1.22,98.4507,16.453,us,NEIC PDE,us,us7000i3c0,mb,4.4,us,"SOUTHERN SUMATRA, INDONESIA"
11592762,2022-08-29T11:44:10,-1.1601,98.5598,19.114,us,NEIC PDE,us,us7000i3c1,mb,4.4,us,"SOUTHERN SUMATRA, INDONESIA"
11596591,2022-08-29T12:35:31,-1.0759,98.619,19.55,us,NEIC PDE,us,us7000i5q6,mb,4.4,us,"SOUTHERN SUMATRA, INDONESIA"
11592771,2022-08-29T12:44:19,-1.1345,98.5391,18.54,us,NEIC PDE,us,us7000i3cc,mb,4.6,us,"SOUTHERN SUMATRA, INDONESIA"
11595622,2022-08-29T13:09:53,-0.9764,98.6319,20.899,us,NEIC PDE,us,us7000i5q8,mb,4.6,us,"SOUTHERN SUMATRA, INDONESIA"
11600840,2022-09-03T05:04:13,-1.2152,98.3192,14.13,us,NEIC PDE,us,us6000iig0,mb,4.4,us,"SOUTHERN SUMATRA, INDONESIA"
11594860,2022-09-04T08:52:13,-5.0652,102.8928,55.021,us,NEIC PDE,us,us7000i531,mb,5.1,us,"SOUTHERN SUMATRA, INDONESIA"
11596024,2022-09-07T18:09:36,-3.2057,101.4444,47.046,us,NEIC PDE,us,us6000ihx6,Mww,5.4,us,"SOUTHERN SUMATRA, INDONESIA"
11596368,2022-09-08T17:52:49,-4.2333,102.2088,56.123,us,NEIC PDE,us,us6000ii8h,mb,4.8,us,"SOUTHERN SUMATRA, INDONESIA"
11596883,2022-09-10T06:03:13,-2.3603,100.6472,50.366,us,NEIC PDE,us,us6000iimq,mb,4.6,us,"SOUTHERN SUMATRA, INDONESIA"
11597035,2022-09-10T23:10:43,-1.149,98.654,20,"us,usauto,pt,at",NEIC PDE,us,"pt22253001,at00ri0odw,usauto6000iisb,us6000iisb",Mww,6,us,"SOUTHERN SUMATRA, INDONESIA"
11597038,2022-09-10T23:24:00,-1.2041,98.618,10,us,NEIC PDE,us,us6000iisl,mb,5.7,us,"SOUTHERN SUMATRA, INDONESIA"
11600181,2022-09-11T03:29:33,-1.2357,98.4834,10,us,NEIC PDE,us,us7000i99r,mb,4.4,us,"SOUTHERN SUMATRA, INDONESIA"
11606870,2022-09-11T06:28:41,-1.1982,98.5927,19.316,us,NEIC PDE,us,us7000i99p,mb,4.3,us,"SOUTHERN SUMATRA, INDONESIA"
11601830,2022-09-11T18:24:01,-1.2506,98.5854,18.992,us,NEIC PDE,us,us7000i77x,mb,4.9,us,"SOUTHERN SUMATRA, INDONESIA"
11597648,2022-09-13T11:18:03,-5.5784,104.241,92.148,us,NEIC PDE,us,us7000i7lh,mb,4.9,us,"SOUTHERN SUMATRA, INDONESIA"
11598397,2022-09-15T15:24:49,-2.0335,99.6279,22.018,us,NEIC PDE,us,us7000i8az,Mww,4.8,us,"SOUTHERN SUMATRA, INDONESIA"
11599694,2022-09-19T19:16:25,-5.5141,102.8814,37.543,us,NEIC PDE,us,us7000i9cg,mb,4.2,us,"SOUTHERN SUMATRA, INDONESIA"
11600195,2022-09-20T22:25:01,-1.1959,98.5697,19.227,us,NEIC PDE,us,us7000i9n5,mb,5,us,"SOUTHERN SUMATRA, INDONESIA"
11603689,2022-09-29T12:56:31,-5.4521,102.7025,39.809,us,NEIC PDE,us,us6000ipc0,mb,4.5,us,"SOUTHERN SUMATRA, INDONESIA"
11604107,2022-10-01T13:50:16,-3.8325,101.8353,60.652,us,NEIC PDE,us,us6000ipzr,mb,4.9,us,"SOUTHERN SUMATRA, INDONESIA"
11605482,2022-10-04T20:14:44,-4.8994,104.2551,117.641,us,NEIC PDE,us,us6000iqug,mb,4.3,us,"SOUTHERN SUMATRA, INDONESIA"
11616097,2022-10-06T08:14:54,-3.4193,102.3837,108.524,us,NEIC PDE,us,us6000isz8,mb,4,us,"SOUTHERN SUMATRA, INDONESIA"
11613155,2022-10-08T08:26:12,-1.6068,101.6593,222.578,us,NEIC PDE,us,us6000itcj,mb,4.2,us,"SOUTHERN SUMATRA, INDONESIA"
11610139,2022-10-12T03:55:39,-1.5178,99.8911,40,us,NEIC PDE,us,us6000iujc,mb,4.2,us,"SOUTHERN SUMATRA, INDONESIA"
11609194,2022-10-14T17:40:42,-3.7635,103.68,11.291,us,NEIC PDE,us,us6000itpt,mb,4.3,us,"SOUTHERN SUMATRA, INDONESIA"
11610669,2022-10-20T02:26:44,-5.1506,102.3957,35,us,NEIC PDE,us,us6000iv1l,mb,4.6,us,"SOUTHERN SUMATRA, INDONESIA"
11613828,2022-10-23T14:00:57,-0.1947,99.7666,10.522,us,NEIC PDE,us,us7000ikqq,mb,4.3,us,"SOUTHERN SUMATRA, INDONESIA"
11615048,2022-10-31T11:46:15,-2.5637,100.716,37.936,us,NEIC PDE,us,us7000ilgm,mb,4.1,us,"SOUTHERN SUMATRA, INDONESIA"
11619709,2022-11-11T11:39:29,-3.7365,100.5702,10,us,NEIC PDE,us,us7000ip19,mb,5,us,"SOUTHERN SUMATRA, INDONESIA"
11625475,2022-11-16T09:22:44,-5.3485,102.3662,29.808,us,NEIC PDE,us,us7000iq39,mb,5.1,us,"SOUTHERN SUMATRA, INDONESIA"
11626187,2022-11-20T18:44:26,-4.3783,101.9274,10,us,NEIC PDE,us,us7000is52,mb,4,us,"SOUTHERN SUMATRA, INDONESIA"
11628650,2022-11-25T13:25:28,-3.0941,100.9204,45.435,us,NEIC PDE,us,us6000j5th,mb,4.4,us,"SOUTHERN SUMATRA, INDONESIA"
11625766,2022-11-26T00:10:53,-2.2952,101.9871,167.887,us,NEIC PDE,us,us7000isgj,mb,4.2,us,"SOUTHERN SUMATRA, INDONESIA"
11626159,2022-11-27T11:37:26,-1.697,99.935,39.819,us,NEIC PDE,us,us7000isqv,mb,4.3,us,"SOUTHERN SUMATRA, INDONESIA"
11638634,2022-11-28T06:59:36,-5.211,102.3395,29.102,us,NEIC PDE,us,us6000j6bl,mb,4.4,us,"SOUTHERN SUMATRA, INDONESIA"
11632401,2022-12-01T00:09:32,-2.1324,100.6292,75.853,us,NEIC PDE,us,us6000j7d1,mb,4.3,us,"SOUTHERN SUMATRA, INDONESIA"
11634746,2022-12-16T21:38:32,-3.3182,102.9661,190.378,us,NEIC PDE,us,us6000j9ur,mb,4.4,us,"SOUTHERN SUMATRA, INDONESIA"
11638952,2022-12-17T19:55:41,-4.5697,103.1582,95.712,us,NEIC PDE,us,us7000j0fr,mb,4.4,us,"SOUTHERN SUMATRA, INDONESIA"
11635461,2022-12-18T19:07:11,-2.895,99.3826,10,us,NEIC PDE,us,us6000ja6m,mb,4.6,us,"SOUTHERN SUMATRA, INDONESIA"
11635577,2022-12-19T05:50:15,-5.4618,104.5225,113.937,us,NEIC PDE,us,us6000ja8n,mb,5.1,us,"SOUTHERN SUMATRA, INDONESIA"
11642462,2022-12-25T12:42:23,-4.7899,102.4446,43.616,us,NEIC PDE,us,us7000j2jk,mb,4.2,us,"SOUTHERN SUMATRA, INDONESIA"
11644559,2023-01-01T04:09:32,-4.7803,102.7675,63.787,us,NEIC PDE,us,us7000j3xm,mb,4.3,us,"SOUTHERN SUMATRA, INDONESIA"
11641370,2023-01-04T03:22:06,-1.0388,98.303,14.935,us,NEIC PDE,us,us7000j1zs,mb,4.6,us,"SOUTHERN SUMATRA, INDONESIA"
11646360,2023-01-07T06:50:18,-0.1516,98.4365,30.796,us,NEIC PDE,us,us7000j4xc,mb,4.3,us,"SOUTHERN SUMATRA, INDONESIA"
11649811,2023-01-10T23:35:02,-5.518,102.8032,34.727,us,NEIC PDE,us,us7000j5k0,mb,4.3,us,"SOUTHERN SUMATRA, INDONESIA"
11644920,2023-01-13T22:41:02,-4.9854,103.1456,68.772,us,NEIC PDE,us,us7000j4a4,Mww,5.3,us,"SOUTHERN SUMATRA, INDONESIA"
11649167,2023-01-14T19:28:12,-3.8072,101.3371,48.613,us,NEIC PDE,us,us7000j6d9,mb,4.2,us,"SOUTHERN SUMATRA, INDONESIA"
11649859,2023-01-17T04:50:45,-1.8101,99.6227,35,us,NEIC PDE,us,us6000jj6z,mb,4.3,us,"SOUTHERN SUMATRA, INDONESIA"
11652404,2023-01-19T19:05:06,-0.0559,98.4494,61.761,us,NEIC PDE,us,us6000jji0,mb,4.4,us,"SOUTHERN SUMATRA, INDONESIA"
11648012,2023-01-21T15:55:53,-2.1553,102.1499,203.741,us,NEIC PDE,us,us7000j636,mb,4.3,us,"SOUTHERN SUMATRA, INDONESIA"
11656753,2023-01-22T00:44:34,-4.2315,101.6891,35,us,NEIC PDE,us,us6000jkas,mb,4.5,us,"SOUTHERN SUMATRA, INDONESIA"
11648568,2023-01-23T22:55:21,-5.3099,104.4247,92.48,us,NEIC PDE,us,us6000jit5,mb,4.5,us,"SOUTHERN SUMATRA, INDONESIA"
11652342,2023-02-01T09:33:46,-5.2966,103.2863,62.107,us,NEIC PDE,us,us6000jkpj,mb,4.6,us,"SOUTHERN SUMATRA, INDONESIA"
11652856,2023-02-02T12:19:11,-5.6197,103.89,63.707,us,NEIC PDE,us,us6000jkyi,mb,4.7,us,"SOUTHERN SUMATRA, INDONESIA"
11669291,2023-02-16T00:30:37,-5.728,103.6013,43.406,us,NEIC PDE,us,us6000jr8a,mb,4.5,us,"SOUTHERN SUMATRA, INDONESIA"
11660059,2023-02-20T20:13:51,-4.2796,102.192,54.981,us,NEIC PDE,us,us6000jqe3,mb,4.8,us,"SOUTHERN SUMATRA, INDONESIA"
11661719,2023-02-25T02:08:30,-5.6564,103.855,62.41,us,NEIC PDE,us,us6000jrgl,mb,4.8,us,"SOUTHERN SUMATRA, INDONESIA"
11663679,2023-03-01T23:05:23,-1.5655,100.8384,93.325,us,NEIC PDE,us,us7000jgnz,Mww,5,us,"SOUTHERN SUMATRA, INDONESIA"
11664337,2023-03-03T00:36:47,-3.8512,101.8071,57.716,us,NEIC PDE,us,us7000jgy8,Mww,5,us,"SOUTHERN SUMATRA, INDONESIA"
11677202,2023-03-14T04:38:01,-2.8431,102.9013,224.239,us,NEIC PDE,us,us7000jkwc,mb,4.2,us,"SOUTHERN SUMATRA, INDONESIA"
11672047,2023-03-19T19:30:14,-3.7623,101.8745,63.378,us,NEIC PDE,us,us7000jlbf,mb,5,us,"SOUTHERN SUMATRA, INDONESIA"
11678099,2023-03-20T01:14:52,-5.6983,103.4108,55.638,us,NEIC PDE,us,us7000jmg5,mb,4.5,us,"SOUTHERN SUMATRA, INDONESIA"
11674694,2023-03-25T09:11:02,-5.2821,102.0343,26.252,us,NEIC PDE,us,us7000jmnk,mb,4.5,us,"SOUTHERN SUMATRA, INDONESIA"
11689084,2023-04-04T01:13:38,-4.8158,102.9742,70.05,us,NEIC PDE,us,us6000k3ii,mb,4.4,us,"SOUTHERN SUMATRA, INDONESIA"
11679757,2023-04-06T13:28:34,-5.7355,104.0727,84.8,us,NEIC PDE,us,us6000k2dt,mb,4.6,us,"SOUTHERN SUMATRA, INDONESIA"
11685533,2023-04-08T05:21:20,-0.4135,100.4375,9.797,us,NEIC PDE,us,us6000k4ee,mb,4.2,us,"SOUTHERN SUMATRA, INDONESIA"
11684114,2023-04-15T15:07:07,-4.8305,102.9546,62.192,"us,usauto,pt",NEIC PDE,us,"usauto6000k4pf,pt23105001,us6000k4pf",Mww,5.5,us,"SOUTHERN SUMATRA, INDONESIA"
11684474,2023-04-17T11:05:55,-4.8734,102.9421,62.556,us,NEIC PDE,us,us6000k50n,Mww,5.1,us,"SOUTHERN SUMATRA, INDONESIA"
11685304,2023-04-18T22:39:29,-3.8909,101.7144,48.82,us,NEIC PDE,us,us6000k5eb,mb,4.6,us,"SOUTHERN SUMATRA, INDONESIA"
11685564,2023-04-19T14:06:17,-3.9924,100.315,10,us,NEIC PDE,us,us6000k5jl,mb,4.9,us,"SOUTHERN SUMATRA, INDONESIA"
11695885,2023-04-20T00:05:13,-3.9889,100.3129,16.199,us,NEIC PDE,us,us6000k5mv,mb,4.5,us,"SOUTHERN SUMATRA, INDONESIA"
11687055,2023-04-22T17:09:45,-0.7708,98.5755,26.714,"usauto,pt,us",NEIC PDE,us,"usauto6000k6eh,pt23112001,us6000k6eh",Mww,5.8,us,"SOUTHERN SUMATRA, INDONESIA"
11687105,2023-04-22T21:17:47,-0.9402,98.4892,20,"us,usauto,at,pt",NEIC PDE,us,"us6000k6fs,pt23112002,usauto6000k6fs,at00rtjchq",mww,5.7,us,"SOUTHERN SUMATRA, INDONESIA"
11690304,2023-04-22T21:20:55,-0.8598,98.5035,22.721,us,NEIC PDE,us,us7000jwml,mb,5.3,us,"SOUTHERN SUMATRA, INDONESIA"
11690300,2023-04-22T22:21:05,-0.8634,98.4325,21.08,us,NEIC PDE,us,us7000jwmh,mb,4.6,us,"SOUTHERN SUMATRA, INDONESIA"
11687118,2023-04-22T22:23:56,-0.8863,98.7009,22.933,us,NEIC PDE,us,us6000k6ga,mb,4.6,us,"SOUTHERN SUMATRA, INDONESIA"
11687124,2023-04-22T23:11:15,-1.0392,98.3974,16.274,us,NEIC PDE,us,us6000k6gg,mb,4.7,us,"SOUTHERN SUMATRA, INDONESIA"
11687128,2023-04-22T23:33:52,-0.8016,98.6029,18.401,us,NEIC PDE,us,us6000k6gl,Mww,5.2,us,"SOUTHERN SUMATRA, INDONESIA"
11689751,2023-04-23T02:50:23,-0.8876,98.5425,21.092,us,NEIC PDE,us,us7000jwnk,mb,4.3,us,"SOUTHERN SUMATRA, INDONESIA"
11697229,2023-04-23T05:20:19,-0.8855,98.5093,20.48,us,NEIC PDE,us,us7000jwnp,mb,4.1,us,"SOUTHERN SUMATRA, INDONESIA"
11687493,2023-04-24T11:35:44,-4.889,102.968,66.805,us,NEIC PDE,us,us6000k6ra,mb,4.7,us,"SOUTHERN SUMATRA, INDONESIA"
11687680,2023-04-24T20:00:57,-0.8026,98.524,34,"us,usauto,at,pt",NEIC PDE,us,"at00rtmy9n,pt23114051,usauto7000jvl3,us7000jvl3",Mww,7.1,us,"SOUTHERN SUMATRA, INDONESIA"
11687755,2023-04-24T22:19:15,-0.9345,98.5221,21.352,us,NEIC PDE,us,us7000jvnk,mb,5,us,"SOUTHERN SUMATRA, INDONESIA"
11696882,2023-04-25T03:40:19,-0.7467,98.8529,35,us,NEIC PDE,us,us7000jxic,mb,4.4,us,"SOUTHERN SUMATRA, INDONESIA"
11688958,2023-04-26T20:43:02,-0.7335,98.591,25.639,us,NEIC PDE,us,us7000jw4k,mb,5.1,us,"SOUTHERN SUMATRA, INDONESIA"
11701415,2023-05-02T22:56:27,-5.1958,102.42,37.689,us,NEIC PDE,us,us6000kael,mb,4.5,us,"SOUTHERN SUMATRA, INDONESIA"
11703266,2023-05-14T05:27:32,-4.7487,101.9337,35,us,NEIC PDE,us,us6000kcvl,mb,4.3,us,"SOUTHERN SUMATRA, INDONESIA"
11699956,2023-05-24T04:07:43,-0.7925,98.4861,21.641,us,NEIC PDE,us,us7000k3ef,mb,4.4,us,"SOUTHERN SUMATRA, INDONESIA"
11702147,2023-05-31T00:58:41,-0.8752,98.673,21.087,us,NEIC PDE,us,us7000k54v,mb,5.1,us,"SOUTHERN SUMATRA, INDONESIA"
11703186,2023-06-01T23:47:58,-3.7795,101.4329,48.194,us,NEIC PDE,us,us7000k5n4,mb,4.2,us,"SOUTHERN SUMATRA, INDONESIA"
11706864,2023-06-09T17:17:29,-1.2003,98.2138,10,us,NEIC PDE,us,us7000k7gk,mb,4.6,us,"SOUTHERN SUMATRA, INDONESIA"
11707263,2023-06-10T15:07:45,-5.5068,104.2986,78.3,us,NEIC PDE,us,us7000k7n9,mb,4.6,us,"SOUTHERN SUMATRA, INDONESIA"
11707439,2023-06-11T06:36:19,-5.6791,102.9252,33.357,us,NEIC PDE,us,us7000k7s1,mb,4.8,us,"SOUTHERN SUMATRA, INDONESIA"
11707748,2023-06-12T09:08:39,-5.6763,104.1248,72.959,us,NEIC PDE,us,us7000k7y6,mb,4.9,us,"SOUTHERN SUMATRA, INDONESIA"
11710886,2023-06-20T07:44:51,-0.9635,98.4661,18.978,us,NEIC PDE,us,us7000k9te,mb,4.6,us,"SOUTHERN SUMATRA, INDONESIA"
11710891,2023-06-20T08:39:17,-0.9749,98.6065,19.709,us,NEIC PDE,us,us7000k9ti,Mww,5.5,us,"SOUTHERN SUMATRA, INDONESIA"